{"cameraMode":{"drawMode":0,"name":"Shaded","section":"Shading Mode"},"sceneLighting":true,"audioPlay":false,"sceneViewState":{"m_AlwaysRefresh":false,"showFog":true,"showSkybox":true,"showFlares":true,"showImageEffects":true,"showParticleSystems":true,"showVisualEffectGraphs":true,"m_FxEnabled":true},"in2DMode":false,"pivot":{"x":-8.115386962890625,"y":14.224834442138672,"z":-37.266075134277347},"rotation":{"x":0.05270358920097351,"y":0.45033130049705508,"z":-0.026698142290115358,"w":0.8909891843795776},"size":59.56767272949219,"orthographic":false}